{
  "minecraft:entity": {
    "format_version": "1.2.0",

    "component_groups": {
      "minecraft:pig_baby": {
        "minecraft:is_baby": {
        },
        "minecraft:scale": {
          "value": 0.5
        },
        "minecraft:ageable": {
          "duration": 1200,
          "feedItems": [ "carrot", "beetroot", "potato" ],
          "grow_up": {
            "event": "minecraft:ageable_grow_up",
            "target": "self"
          }
        },

        "minecraft:behavior.follow_parent": {
          "priority": 6,
          "speed_multiplier": 1.1
        }
      },

      "minecraft:pig_transform": {
        "minecraft:transformation": {
          "into": "minecraft:pig_zombie",
          "delay": 0.5
        }
      },

      "minecraft:pig_adult": {
        "minecraft:loot": {
          "table": "loot_tables/entities/pig.json"
        },
        "minecraft:behavior.breed": {
          "priority": 4,
          "speed_multiplier": 1.0
        },
        "minecraft:breedable": {
          "requireTame": false,
          "breedsWith": {
            "mateType": "minecraft:pig",
            "babyType": "minecraft:pig",
            "breed_event": {
              "event": "minecraft:entity_born",
              "target": "baby"
            }
          },
          "breedItems": [ "carrot", "beetroot", "potato" ]
        }
      },

      "minecraft:pig_unsaddled": {
        "minecraft:interact": [
          {
            "on_interact": {
              "filters": { "test": "has_equipment", "subject": "other", "domain": "hand", "value": "saddle"},
              "event": "minecraft:on_saddled"
            },
            "use_item": true,
            "play_sounds": "saddle",
            "interact_text": "action.interact.saddle"
          }
        ],
        "minecraft:rideable": {
          "seat_count": 1,
          "family_types": [
            "zombie"
          ],
          "seats": {
            "position": [ 0.0, 0.63, 0.0 ]
          }
        }
      },

      "minecraft:pig_saddled": {
        "minecraft:is_saddled": {
        },
        "minecraft:loot": {
          "table": "loot_tables/entities/pig_saddled.json"
        },
        "minecraft:boostable": {
          "speed_multiplier": 2.0,
          "duration": 3.0,
          "boost_items": [
            {
              "item": "carrotOnAStick",
              "item_damage": 2,
              "replaceItem": "fishing_rod"
            }
          ]
        },
        "minecraft:rideable": {
          "seat_count": 1,
          "interact_text": "action.interact.mount",
          "family_types": [
            "player"
          ],
          "seats": {
            "position": [ 0.0, 0.63, 0.0 ]
          }
        },
        "minecraft:item_controllable": {
          "control_items": "carrotOnAStick"
        },
        "minecraft:behavior.controlled_by_player": {
          "priority": 0
        }
      },

      "minecraft:pig_leashed": {
        "minecraft:behavior.move_towards_restriction": {
          "priority": 2,
          "speed_multiplier": 1.0
        }
      }
    },


    "components": {
      "minecraft:damage_sensor": {
        "on_damage": {
          "filters": { "test" :  "is_family", "subject" : "other", "value" :  "lightning"},
          "event": "become_zombie"
        },
        "deals_damage": false
      },
      "minecraft:identifier": {
        "id": "minecraft:pig"
      },
      "minecraft:type_family": {
        "family": [ "pig" ]
      },
      "minecraft:breathable": {
        "totalSupply": 15,
        "suffocateTime": 0
      },
      "minecraft:nameable": {
      },
      "minecraft:health": {
        "value": 10,
        "max": 10
      },
      "minecraft:movement": {
        "value": 0.25
      },
      "minecraft:navigation.walk": {
        "can_float": true,
        "avoid_water": true,
        "avoid_damage_blocks": true
      },
      "minecraft:movement.basic": {

      },
      "minecraft:jump.static": {
      },
      "minecraft:can_climb": {
      },
      "minecraft:collision_box": {
        "width": 0.9,
        "height": 0.9
      },
      "minecraft:leashable": {
        "soft_distance": 4.0,
        "hard_distance": 6.0,
        "max_distance": 10.0,
        "on_leash": {
          "event": "minecraft:on_leash",
          "target": "self"
        },
        "on_unleash": {
          "event": "minecraft:on_unleash",
          "target": "self"
        }
      },
      "minecraft:balloonable": {
        "mass": 0.75
      },
      "minecraft:behavior.mount_pathing": {
        "priority": 1,
        "speed_multiplier": 1.25,
        "target_dist": 0.0,
        "track_target": true
      },
      "minecraft:behavior.float": {
        "priority": 2
      },
      "minecraft:behavior.panic": {
        "priority": 3,
        "speed_multiplier": 1.25
      },
      "minecraft:behavior.tempt": {
        "priority": 5,
        "speed_multiplier": 1.2,
        "items": [
          "potato",
          "carrot",
          "beetroot",
          "carrotOnAStick"
        ]
      },
      "minecraft:behavior.random_stroll": {
        "priority": 7,
        "speed_multiplier": 1.0
      },
      "minecraft:behavior.look_at_player": {
        "priority": 8,
        "look_distance": 6.0,
        "probability": 0.02
      },
      "minecraft:behavior.random_look_around": {
        "priority": 9
      },
	    "minecraft:physics": {
      }
    },


    "events": {
      "become_zombie": {
        "remove": {
        },
        "add": {
          "component_groups": [
            "minecraft:pig_transform"
          ]
        }
      },
      "minecraft:entity_spawned": {
        "randomize": [
          {
            "weight": 95,
            "remove": {
            },
            "add": {
              "component_groups": [
                "minecraft:pig_adult",
                "minecraft:pig_unsaddled"
              ]
            }
          },
          {
            "weight": 5,
            "remove": {
            },
            "add": {
              "component_groups": [
                "minecraft:pig_baby"
              ]

            }
          }
        ]
      },

      "minecraft:entity_born": {
        "remove": {
        },
        "add": {
          "component_groups": [
            "minecraft:pig_baby"
          ]
        }
      },

      "minecraft:ageable_grow_up": {
        "remove": {
          "component_groups": [
            "minecraft:pig_baby"
          ]
        },
        "add": {
          "component_groups": [
            "minecraft:pig_adult",
            "minecraft:pig_unsaddled"
          ]
        }
      },

      "minecraft:on_saddled": {
        "remove": {
          "component_groups": [
            "minecraft:pig_unsaddled"
          ]
        },
        "add": {
          "component_groups": [
            "minecraft:pig_saddled"
          ]
        }
      },

      "minecraft:on_leash": {
        "add": {
          "component_groups": [
            "minecraft:pig_leashed"
          ]
        }
      },
      "minecraft:on_unleash": {
        "remove": {
          "component_groups": [
            "minecraft:pig_leashed"
          ]
        }
      }
    }
  }
}
